Product,Price,rating,Date
"POCO M6 Plus 5G (Ice Silver, 128 GB)
            
            (6 GB RAM)","11,499","
              4.2
              
",2024-10-22
"POCO M6 Plus 5G (Ice Silver, 128 GB)
            
            (6 GB RAM)","11,499","
              4.2
              
",2024-10-22
"POCO M6 Plus 5G (Ice Silver, 128 GB)
            
            (6 GB RAM)","11,499","
              4.2
              
",2024-10-22
"POCO M6 Plus 5G (Ice Silver, 128 GB)
            
            (6 GB RAM)","11,499","
              4.2
              
",2024-10-22
"POCO M6 Plus 5G (Ice Silver, 128 GB)
            
            (6 GB RAM)","11,499","
              4.2
              
",2024-10-22
"POCO M6 Plus 5G (Ice Silver, 128 GB)
            
            (6 GB RAM)","11,499","
              4.2
              
",2024-10-22
"POCO M6 Plus 5G (Ice Silver, 128 GB)
            
            (6 GB RAM)","11,499","
              4.2
              
",2024-10-22
"POCO M6 Plus 5G (Ice Silver, 128 GB)
            
            (6 GB RAM)","11,499","
              4.2
              
",2024-10-22
"POCO M6 Plus 5G (Ice Silver, 128 GB)
            
            (6 GB RAM)","11,499","
              4.2
              
",2024-10-22
"POCO M6 Plus 5G (Ice Silver, 128 GB)
            
            (6 GB RAM)","11,499","
              4.2
              
",2024-10-22
"POCO M6 Plus 5G (Ice Silver, 128 GB)
            
            (6 GB RAM)","11,499","
              4.2
              
",2024-10-22
"POCO M6 Plus 5G (Ice Silver, 128 GB)
            
            (6 GB RAM)","11,499","
              4.2
              
",2024-10-22
"POCO M6 Plus 5G (Ice Silver, 128 GB)
            
            (6 GB RAM)","11,499","
              4.2
              
",2024-10-22
"POCO M6 Plus 5G (Ice Silver, 128 GB)
            
            (6 GB RAM)","11,499","
              4.2
              
",2024-10-22
"POCO M6 Plus 5G (Ice Silver, 128 GB)
            
            (6 GB RAM)","11,499","
              4.2
              
",2024-10-22
"POCO M6 Plus 5G (Ice Silver, 128 GB)
            
            (6 GB RAM)","11,499","
              4.2
              
",2024-10-22
"POCO M6 Plus 5G (Ice Silver, 128 GB)
            
            (6 GB RAM)","11,499","
              4.2
              
",2024-10-22
"POCO M6 Plus 5G (Ice Silver, 128 GB)
            
            (6 GB RAM)","11,499","
              4.2
              
",2024-10-22
"POCO M6 Plus 5G (Ice Silver, 128 GB)
            
            (6 GB RAM)","11,499","
              4.2
              
",2024-10-22
"POCO M6 Plus 5G (Ice Silver, 128 GB)
            
            (6 GB RAM)","11,499","
              4.2
              
",2024-10-22
"POCO M6 Plus 5G (Ice Silver, 128 GB)
            
            (6 GB RAM)","11,499","
              4.2
              
",2024-10-22
"POCO M6 Plus 5G (Ice Silver, 128 GB)
            
            (6 GB RAM)","11,499","
              4.2
              
",2024-10-22
"POCO M6 Plus 5G (Ice Silver, 128 GB)
            
            (6 GB RAM)","11,499","
              4.2
              
",2024-10-22
"POCO M6 Plus 5G (Ice Silver, 128 GB)
            
            (6 GB RAM)","11,499","
              4.2
              
",2024-10-22
"POCO M6 Plus 5G (Ice Silver, 128 GB)
            
            (6 GB RAM)","11,499","
              4.2
              
",2024-10-22
"POCO M6 Plus 5G (Ice Silver, 128 GB)
            
            (6 GB RAM)","11,499","
              4.2
              
",2024-10-22
"POCO M6 Plus 5G (Ice Silver, 128 GB)
            
            (6 GB RAM)","11,499","
              4.2
              
",2024-10-22
"POCO M6 Plus 5G (Ice Silver, 128 GB)
            
            (6 GB RAM)","11,499","
              4.2
              
",2024-10-22
"POCO M6 Plus 5G (Ice Silver, 128 GB)
            
            (6 GB RAM)","11,499","
              4.2
              
",2024-10-22
"POCO M6 Plus 5G (Ice Silver, 128 GB)
            
            (6 GB RAM)","11,499","
              4.2
              
",2024-10-22
"POCO M6 Plus 5G (Ice Silver, 128 GB)
            
            (6 GB RAM)","11,499","
              4.2
              
",2024-10-22
"POCO M6 Plus 5G (Ice Silver, 128 GB)
            
            (6 GB RAM)","11,499","
              4.2
              
",2024-10-22
"POCO M6 Plus 5G (Ice Silver, 128 GB)
            
            (6 GB RAM)","11,499","
              4.2
              
",2024-10-22
"POCO M6 Plus 5G (Ice Silver, 128 GB)
            
            (6 GB RAM)","11,499","
              4.2
              
",2024-10-22
"POCO M6 Plus 5G (Ice Silver, 128 GB)
            
            (6 GB RAM)","11,499","
              4.2
              
",2024-10-22
"POCO M6 Plus 5G (Ice Silver, 128 GB)
            
            (6 GB RAM)","11,499","
              4.2
              
",2024-10-22
"POCO M6 Plus 5G (Ice Silver, 128 GB)
            
            (6 GB RAM)","11,499","
              4.2
              
",2024-10-22
"POCO M6 Plus 5G (Ice Silver, 128 GB)
            
            (6 GB RAM)","11,499","
              4.2
              
",2024-10-22
"POCO M6 Plus 5G (Ice Silver, 128 GB)
            
            (6 GB RAM)","11,499","
              4.2
              
",2024-10-22
"POCO M6 Plus 5G (Ice Silver, 128 GB)
            
            (6 GB RAM)","11,499","
              4.2
              
",2024-10-22
"POCO M6 Plus 5G (Ice Silver, 128 GB)
            
            (6 GB RAM)","11,499","
              4.2
              
",2024-10-22
"POCO M6 Plus 5G (Ice Silver, 128 GB)
            
            (6 GB RAM)","11,499","
              4.2
              
",2024-10-22
"POCO M6 Plus 5G (Ice Silver, 128 GB)
            
            (6 GB RAM)","11,499","
              4.2
              
",2024-10-22
"POCO M6 Plus 5G (Ice Silver, 128 GB)
            
            (6 GB RAM)","11,499","
              4.2
              
",2024-10-22
"POCO M6 Plus 5G (Ice Silver, 128 GB)
            
            (6 GB RAM)","11,499","
              4.2
              
",2024-10-22
"POCO M6 Plus 5G (Ice Silver, 128 GB)
            
            (6 GB RAM)","11,499","
              4.2
              
",2024-10-22
"POCO M6 Plus 5G (Ice Silver, 128 GB)
            
            (6 GB RAM)","11,499","
              4.2
              
",2024-10-22
"POCO M6 Plus 5G (Ice Silver, 128 GB)
            
            (6 GB RAM)","11,499","
              4.2
              
",2024-10-22
"POCO M6 Plus 5G (Ice Silver, 128 GB)
            
            (6 GB RAM)","11,499","
              4.2
              
",2024-10-22
"POCO M6 Plus 5G (Ice Silver, 128 GB)
            
            (6 GB RAM)","11,499","
              4.2
              
",2024-10-22
"POCO M6 Plus 5G (Ice Silver, 128 GB)
            
            (6 GB RAM)","11,499","
              4.2
              
",2024-10-22
"POCO M6 Plus 5G (Ice Silver, 128 GB)
            
            (6 GB RAM)","11,499","
              4.2
              
",2024-10-22
"POCO M6 Plus 5G (Ice Silver, 128 GB)
            
            (6 GB RAM)","11,499","
              4.2
              
",2024-10-22
"POCO M6 Plus 5G (Ice Silver, 128 GB)
            
            (6 GB RAM)","11,499","
              4.2
              
",2024-10-22
"POCO M6 Plus 5G (Ice Silver, 128 GB)
            
            (6 GB RAM)","11,499","
              4.2
              
",2024-10-22
"POCO M6 Plus 5G (Ice Silver, 128 GB)
            
            (6 GB RAM)","11,499","
              4.2
              
",2024-10-22
"POCO M6 Plus 5G (Ice Silver, 128 GB)
            
            (6 GB RAM)","11,499","
              4.2
              
",2024-10-22
"POCO M6 Plus 5G (Ice Silver, 128 GB)
            
            (6 GB RAM)","11,499","
              4.2
              
",2024-10-22
"POCO M6 Plus 5G (Ice Silver, 128 GB)
            
            (6 GB RAM)","11,499","
              4.2
              
",2024-10-22
"POCO M6 Plus 5G (Ice Silver, 128 GB)
            
            (6 GB RAM)","11,499","
              4.2
              
",2024-10-22
"POCO M6 Plus 5G (Ice Silver, 128 GB)
            
            (6 GB RAM)","11,499","
              4.2
              
",2024-10-22
"POCO M6 Plus 5G (Ice Silver, 128 GB)
            
            (6 GB RAM)","11,499","
              4.2
              
",2024-10-22
"POCO M6 Plus 5G (Ice Silver, 128 GB)
            
            (6 GB RAM)","11,499","
              4.2
              
",2024-10-22
"POCO M6 Plus 5G (Ice Silver, 128 GB)
            
            (6 GB RAM)","11,499","
              4.2
              
",2024-10-22
"POCO M6 Plus 5G (Ice Silver, 128 GB)
            
            (6 GB RAM)","11,499","
              4.2
              
",2024-10-22
"POCO M6 Plus 5G (Ice Silver, 128 GB)
            
            (6 GB RAM)","11,499","
              4.2
              
",2024-10-22
"POCO M6 Plus 5G (Ice Silver, 128 GB)
            
            (6 GB RAM)","11,499","
              4.2
              
",2024-10-22
"POCO M6 Plus 5G (Ice Silver, 128 GB)
            
            (6 GB RAM)","11,499","
              4.2
              
",2024-10-22
"POCO M6 Plus 5G (Ice Silver, 128 GB)
            
            (6 GB RAM)","11,499","
              4.2
              
",2024-10-22
"POCO M6 Plus 5G (Ice Silver, 128 GB)
            
            (6 GB RAM)","11,499","
              4.2
              
",2024-10-22
"POCO M6 Plus 5G (Ice Silver, 128 GB)
            
            (6 GB RAM)","11,499","
              4.2
              
",2024-10-22
"POCO M6 Plus 5G (Ice Silver, 128 GB)
            
            (6 GB RAM)","11,499","
              4.2
              
",2024-10-22
"POCO M6 Plus 5G (Ice Silver, 128 GB)
            
            (6 GB RAM)","11,499","
              4.2
              
",2024-10-22
"POCO M6 Plus 5G (Ice Silver, 128 GB)
            
            (6 GB RAM)","11,499","
              4.2
              
",2024-10-22
"POCO M6 Plus 5G (Ice Silver, 128 GB)
            
            (6 GB RAM)","11,499","
              4.2
              
",2024-10-22
"POCO M6 Plus 5G (Ice Silver, 128 GB)
            
            (6 GB RAM)","11,499","
              4.2
              
",2024-10-22
"POCO M6 Plus 5G (Ice Silver, 128 GB)
            
            (6 GB RAM)","11,499","
              4.2
              
",2024-10-22
"POCO M6 Plus 5G (Ice Silver, 128 GB)
            
            (6 GB RAM)","11,499","
              4.2
              
",2024-10-22
"POCO M6 Plus 5G (Ice Silver, 128 GB)
            
            (6 GB RAM)","11,499","
              4.2
              
",2024-10-22
"POCO M6 Plus 5G (Ice Silver, 128 GB)
            
            (6 GB RAM)","11,499","
              4.2
              
",2024-10-22
"POCO M6 Plus 5G (Ice Silver, 128 GB)
            
            (6 GB RAM)","11,499","
              4.2
              
",2024-10-22
"POCO M6 Plus 5G (Ice Silver, 128 GB)
            
            (6 GB RAM)","11,499","
              4.2
              
",2024-10-22
"POCO M6 Plus 5G (Ice Silver, 128 GB)
            
            (6 GB RAM)","11,499","
              4.2
              
",2024-10-22
"POCO M6 Plus 5G (Ice Silver, 128 GB)
            
            (6 GB RAM)","11,499","
              4.2
              
",2024-10-22
"POCO M6 Plus 5G (Ice Silver, 128 GB)
            
            (6 GB RAM)","11,499","
              4.2
              
",2024-10-22
"POCO M6 Plus 5G (Ice Silver, 128 GB)
            
            (6 GB RAM)","11,499","
              4.2
              
",2024-10-22
"POCO M6 Plus 5G (Ice Silver, 128 GB)
            
            (6 GB RAM)","11,499","
              4.2
              
",2024-10-22
"POCO M6 Plus 5G (Ice Silver, 128 GB)
            
            (6 GB RAM)","11,499","
              4.2
              
",2024-10-22
